PC,Proportion.Variance.Explained
1,0.01584603756885447
2,0.0053432081918856214
3,0.005093219987932708
4,0.004701128473976019
5,0.0046005385043042316
6,0.0024437231055999304
7,0.0022441911084030625
8,0.0014895320090776841
9,0.0013959674342474294
10,0.0013757813293829352
