PC,Proportion.Variance.Explained
1,0.022761701896087283
2,0.01648454802778521
3,0.007506838296093371
4,0.006176550165822844
5,0.004957597670625299
6,0.0040317194325416045
7,0.002255569368659336
8,0.002144515484618349
9,0.0019315610808012104
10,0.0019272391972758338
